<?xml version="1.0" encoding="UTF-8"?>
<jcr:root xmlns:sling="http://sling.apache.org/jcr/sling/1.0" xmlns:cq="http://www.day.com/jcr/cq/1.0" xmlns:jcr="http://www.jcp.org/jcr/1.0" xmlns:nt="http://www.jcp.org/jcr/nt/1.0" xmlns:rep="internal"
    jcr:mixinTypes="[rep:AccessControllable]"
    jcr:primaryType="cq:Page">
    <rep:policy/>
    <wknd jcr:primaryType="nt:unstructured">
        <components jcr:primaryType="nt:unstructured">
            <container jcr:primaryType="nt:unstructured">
                <content-default
                    jcr:description="Policy for editable layout containers"
                    jcr:lastModified="{Date}2020-07-09T08:11:09.069-07:00"
                    jcr:lastModifiedBy="admin"
                    jcr:primaryType="nt:unstructured"
                    jcr:title="WKND Site Default"
                    sling:resourceType="wcm/core/components/policy/policy"
                    components="[/libs/wknd/components/container,group:WKND.Content,/apps/wknd/components/form/container,group:WKND.Structure]"
                    policyResourceType="wknd/components/container">
                    <cq:authoring jcr:primaryType="nt:unstructured">
                        <assetToComponentMapping jcr:primaryType="nt:unstructured">
                            <image
                                jcr:primaryType="nt:unstructured"
                                assetGroup="media"
                                assetMimetype="image/*"
                                droptarget="image"
                                resourceType="wknd/components/image"
                                type="Images"/>
                        </assetToComponentMapping>
                    </cq:authoring>
                    <jcr:content
                        cq:lastReplicated="{Date}2023-09-15T11:00:00.000-07:00"
                        cq:lastReplicated_preview="{Date}2023-09-15T11:00:00.000-07:00"
                        cq:lastReplicatedBy="admin"
                        cq:lastReplicationAction="Activate"
                        cq:lastReplicationAction_preview="Activate"
                        jcr:mixinTypes="[cq:ReplicationStatus]"
                        jcr:primaryType="nt:unstructured"
                        mergeList="{Boolean}true"/>
                </content-default>
                <policy_213106331986985
                    cq:styleDefaultElement="main"
                    jcr:lastModified="{Date}2020-07-09T08:11:09.069-07:00"
                    jcr:lastModifiedBy="admin"
                    jcr:primaryType="nt:unstructured"
                    jcr:title="WKND Content"
                    sling:resourceType="wcm/core/components/policy/policy"
                    backgroundColorEnabled="true"
                    backgroundImageEnabled="true"
                    components="[group:WKND.Content]">
                    <jcr:content
                        cq:lastReplicated="{Date}2023-09-15T11:00:00.000-07:00"
                        cq:lastReplicated_preview="{Date}2023-09-15T11:00:00.000-07:00"
                        cq:lastReplicatedBy="admin"
                        cq:lastReplicationAction="Activate"
                        cq:lastReplicationAction_preview="Activate"
                        jcr:mixinTypes="[cq:ReplicationStatus]"
                        jcr:primaryType="nt:unstructured"/>
                    <cq:authoring jcr:primaryType="nt:unstructured">
                        <assetToComponentMapping jcr:primaryType="nt:unstructured">
                            <mapping_1553026868912
                                jcr:primaryType="nt:unstructured"
                                assetGroup="media"
                                assetMimetype="image/*"
                                droptarget="image"
                                resourceType="wknd/components/image"/>
                            <mapping_1570046914244
                                jcr:primaryType="nt:unstructured"
                                assetGroup="content"
                                assetMimetype="text/html"
                                droptarget="experiencefragment"
                                resourceType="wknd/components/experiencefragment"/>
                            <mapping_1570047042575
                                jcr:primaryType="nt:unstructured"
                                assetGroup="media"
                                assetMimetype="[text/html,application/vnd.adobe.contentfragment]"
                                droptarget="contentfragment"
                                resourceType="wknd/components/contentfragment"/>
                        </assetToComponentMapping>
                    </cq:authoring>
                    <cq:styleGroups jcr:primaryType="nt:unstructured">
                        <item0 jcr:primaryType="nt:unstructured">
                            <cq:styles jcr:primaryType="nt:unstructured">
                                <item0
                                    cq:styleElement="div"
                                    cq:styleId="1554340388221"
                                    cq:styleLabel="Full Width"
                                    jcr:primaryType="nt:unstructured"/>
                                <item1
                                    cq:styleClasses="cmp-layout-container--fixed"
                                    cq:styleElement="main"
                                    cq:styleId="1554340406437"
                                    cq:styleLabel="Fixed Width"
                                    jcr:primaryType="nt:unstructured"/>
                            </cq:styles>
                        </item0>
                    </cq:styleGroups>
                </policy_213106331986985>
                <policy_178507300498125
                    cq:styleDefaultClasses="cmp-layoutcontainer--sidebar"
                    cq:styleDefaultElement="aside"
                    jcr:lastModified="{Date}2020-07-07T17:33:48.033-07:00"
                    jcr:lastModifiedBy="admin"
                    jcr:primaryType="nt:unstructured"
                    jcr:title="WKND Article Sidebar"
                    sling:resourceType="wcm/core/components/policy/policy"
                    components="[/apps/wknd/components/button,/apps/wknd/components/download,/apps/wknd/components/image,/apps/wknd/components/list,/apps/wknd/components/separator,/apps/wknd/components/sharing,/apps/wknd/components/text,/apps/wknd/components/title]">
                    <jcr:content
                        cq:lastReplicated="{Date}2023-09-15T11:00:00.000-07:00"
                        cq:lastReplicated_preview="{Date}2023-09-15T11:00:00.000-07:00"
                        cq:lastReplicatedBy="admin"
                        cq:lastReplicationAction="Activate"
                        cq:lastReplicationAction_preview="Activate"
                        jcr:mixinTypes="[cq:ReplicationStatus]"
                        jcr:primaryType="nt:unstructured"/>
                </policy_178507300498125>
                <policy_70911755464249
                    jcr:lastModified="{Date}2020-11-10T16:38:16.853-08:00"
                    jcr:lastModifiedBy="admin"
                    jcr:primaryType="nt:unstructured"
                    jcr:title="WKND Experience Fragment"
                    sling:resourceType="wcm/core/components/policy/policy"
                    allowedColorSwatches="[#202020,#EBEBEB,]"
                    backgroundColorEnabled="true"
                    backgroundColorSwatchesOnly="true"
                    components="[/libs/cq/experience-fragments/editor/components/buildingblock,group:WKND.Content,group:WKND.Form,group:WKND.Structure]"
                    layoutDisabled="false">
                    <jcr:content
                        cq:lastReplicated="{Date}2023-09-15T11:00:00.000-07:00"
                        cq:lastReplicated_preview="{Date}2023-09-15T11:00:00.000-07:00"
                        cq:lastReplicatedBy="admin"
                        cq:lastReplicationAction="Activate"
                        cq:lastReplicationAction_preview="Activate"
                        jcr:mixinTypes="[cq:ReplicationStatus]"
                        jcr:primaryType="nt:unstructured"/>
                    <cq:authoring jcr:primaryType="nt:unstructured">
                        <assetToComponentMapping jcr:primaryType="nt:unstructured">
                            <mapping_1568417184586
                                jcr:primaryType="nt:unstructured"
                                assetGroup="media"
                                assetMimetype="image/*"
                                droptarget="image"
                                resourceType="wknd/components/image"/>
                            <mapping_1570048100274
                                jcr:primaryType="nt:unstructured"
                                assetGroup="content"
                                assetMimetype="text/html"
                                droptarget="experiencefragment"
                                resourceType="wknd/components/experiencefragment"/>
                            <mapping_1570048111074
                                jcr:primaryType="nt:unstructured"
                                assetGroup="media"
                                assetMimetype="[text/html,application/vnd.adobe.contentfragment]"
                                droptarget="contentfragment"
                                resourceType="wknd/components/contentfragment"/>
                            <mapping_1571358557570
                                jcr:primaryType="nt:unstructured"
                                assetGroup="block"
                                assetMimetype="text/html"
                                droptarget="buildingblock"
                                resourceType="cq/experience-fragments/editor/components/buildingblock"/>
                        </assetToComponentMapping>
                    </cq:authoring>
                    <cq:styleGroups jcr:primaryType="nt:unstructured">
                        <item0
                            cq:styleGroupLabel="Site Styles"
                            jcr:primaryType="nt:unstructured">
                            <cq:styles jcr:primaryType="nt:unstructured">
                                <item0
                                    cq:styleClasses="cmp-layoutcontainer--utility"
                                    cq:styleId="1568592113898"
                                    cq:styleLabel="Utility Menu"
                                    jcr:primaryType="nt:unstructured"/>
                                <item1
                                    cq:styleClasses="cmp-layoutcontainer--header"
                                    cq:styleId="1568592140003"
                                    cq:styleLabel="Header"
                                    jcr:primaryType="nt:unstructured"/>
                                <item2
                                    cq:styleClasses="cmp-layout-container--fixed cmp-layoutcontainer--footer"
                                    cq:styleId="1568839620471"
                                    cq:styleLabel="Footer"
                                    jcr:primaryType="nt:unstructured"/>
                                <item3
                                    cq:styleClasses="cmp-layout-container--modal"
                                    cq:styleId="1569950941796"
                                    cq:styleLabel="Modal"
                                    jcr:primaryType="nt:unstructured"/>
                                <item4
                                    cq:styleClasses="cmp-layout-container--fixed"
                                    cq:styleId="1570043787082"
                                    cq:styleLabel="Fixed"
                                    jcr:primaryType="nt:unstructured"/>
                            </cq:styles>
                        </item0>
                    </cq:styleGroups>
                </policy_70911755464249>
            </container>
            <form jcr:primaryType="nt:unstructured">
                <container jcr:primaryType="nt:unstructured">
                    <form-container
                        jcr:primaryType="nt:unstructured"
                        jcr:title="WKND Site Form"
                        sling:resourceType="wcm/core/components/policy/policy"
                        components="[/apps/wknd/components/form/button,/apps/wknd/components/form/hidden,/apps/wknd/components/form/options,/apps/wknd/components/form/text]">
                        <jcr:content
                            cq:lastReplicated="{Date}2023-09-15T11:00:00.000-07:00"
                            cq:lastReplicated_preview="{Date}2023-09-15T11:00:00.000-07:00"
                            cq:lastReplicatedBy="admin"
                            cq:lastReplicationAction="Activate"
                            cq:lastReplicationAction_preview="Activate"
                            jcr:mixinTypes="[cq:ReplicationStatus]"
                            jcr:primaryType="nt:unstructured"/>
                    </form-container>
                </container>
            </form>
            <title jcr:primaryType="nt:unstructured">
                <policy_349626543823562
                    jcr:lastModified="{Date}2020-07-09T08:09:35.738-07:00"
                    jcr:lastModifiedBy="admin"
                    jcr:primaryType="nt:unstructured"
                    jcr:title="WKND Title - Global Styles"
                    sling:resourceType="wcm/core/components/policy/policy"
                    allowedTypes="[h1,h2,h3,h4,h5,h6]"
                    linkDisabled="false"
                    type="h1">
                    <jcr:content
                        cq:lastReplicated="{Date}2023-09-15T11:00:00.000-07:00"
                        cq:lastReplicated_preview="{Date}2023-09-15T11:00:00.000-07:00"
                        cq:lastReplicatedBy="admin"
                        cq:lastReplicationAction="Activate"
                        cq:lastReplicationAction_preview="Activate"
                        jcr:mixinTypes="[cq:ReplicationStatus]"
                        jcr:primaryType="nt:unstructured"/>
                    <cq:styleGroups jcr:primaryType="nt:unstructured">
                        <item0
                            cq:styleGroupLabel="Styles"
                            cq:styleGroupMultiple="true"
                            jcr:primaryType="nt:unstructured">
                            <cq:styles jcr:primaryType="nt:unstructured">
                                <item0
                                    cq:styleClasses="cmp-title--underline"
                                    cq:styleId="1568996484405"
                                    cq:styleLabel="Underline"
                                    jcr:primaryType="nt:unstructured"/>
                                <item1
                                    cq:styleClasses="cmp-title--right"
                                    cq:styleId="1568996465682"
                                    cq:styleLabel="Align Right"
                                    jcr:primaryType="nt:unstructured"/>
                                <item2
                                    cq:styleClasses="cmp-title--minispacing"
                                    cq:styleId="1570766394721"
                                    cq:styleLabel="Mini Spacing"
                                    jcr:primaryType="nt:unstructured"/>
                            </cq:styles>
                        </item0>
                        <item1
                            cq:styleGroupLabel="Colors"
                            jcr:primaryType="nt:unstructured">
                            <cq:styles jcr:primaryType="nt:unstructured">
                                <item0
                                    cq:styleClasses="cmp-title--black"
                                    cq:styleId="1568996420379"
                                    cq:styleLabel="Black"
                                    jcr:primaryType="nt:unstructured"/>
                                <item1
                                    cq:styleClasses="cmp-title--white"
                                    cq:styleId="1568996427017"
                                    cq:styleLabel="White"
                                    jcr:primaryType="nt:unstructured"/>
                                <item2
                                    cq:styleClasses="cmp-title--gray"
                                    cq:styleId="1569448732502"
                                    cq:styleLabel="Gray"
                                    jcr:primaryType="nt:unstructured"/>
                            </cq:styles>
                        </item1>
                    </cq:styleGroups>
                </policy_349626543823562>
            </title>
            <text jcr:primaryType="nt:unstructured">
                <policy_1570746487640
                    jcr:lastModified="{Date}2020-07-09T08:09:39.748-07:00"
                    jcr:lastModifiedBy="admin"
                    jcr:primaryType="nt:unstructured"
                    jcr:title="WKND Text - Kitchen Sink"
                    sling:resourceType="wcm/core/components/policy/policy">
                    <jcr:content
                        cq:lastReplicated="{Date}2023-09-15T11:00:00.000-07:00"
                        cq:lastReplicated_preview="{Date}2023-09-15T11:00:00.000-07:00"
                        cq:lastReplicatedBy="admin"
                        cq:lastReplicationAction="Activate"
                        cq:lastReplicationAction_preview="Activate"
                        jcr:mixinTypes="[cq:ReplicationStatus]"
                        jcr:primaryType="nt:unstructured"/>
                    <rtePlugins jcr:primaryType="nt:unstructured">
                        <paraformat
                            jcr:primaryType="nt:unstructured"
                            features="*">
                            <formats
                                jcr:primaryType="nt:unstructured"
                                override="true">
                                <item0
                                    jcr:primaryType="nt:unstructured"
                                    description="Paragraph"
                                    tag="p"/>
                                <item1
                                    jcr:primaryType="nt:unstructured"
                                    description="Heading 1"
                                    tag="h1"/>
                                <item2
                                    jcr:primaryType="nt:unstructured"
                                    description="Heading 2"
                                    tag="h2"/>
                                <item3
                                    jcr:primaryType="nt:unstructured"
                                    description="Heading 3"
                                    tag="h3"/>
                                <item4
                                    jcr:primaryType="nt:unstructured"
                                    description="Heading 4"
                                    tag="h4"/>
                                <item5
                                    jcr:primaryType="nt:unstructured"
                                    description="Heading 5"
                                    tag="h5"/>
                                <item6
                                    jcr:primaryType="nt:unstructured"
                                    description="Heading 6"
                                    tag="h6"/>
                                <item7
                                    jcr:primaryType="nt:unstructured"
                                    description="Quote"
                                    tag="blockquote"/>
                                <item8
                                    jcr:primaryType="nt:unstructured"
                                    description="Horizontal Rule (visual line break)"
                                    tag="hr"/>
                                <item9
                                    jcr:primaryType="nt:unstructured"
                                    description="Preformatted"
                                    tag="pre"/>
                            </formats>
                        </paraformat>
                        <misctools
                            jcr:primaryType="nt:unstructured"
                            features="sourceedit,specialchars">
                            <specialCharsConfig jcr:primaryType="nt:unstructured">
                                <chars
                                    jcr:primaryType="nt:unstructured"
                                    override="true">
                                    <item0
                                        jcr:primaryType="nt:unstructured"
                                        entity="&amp;copy;"
                                        name="copyright"/>
                                    <item1
                                        jcr:primaryType="nt:unstructured"
                                        entity="&amp;euro;"
                                        name="euro"/>
                                    <item2
                                        jcr:primaryType="nt:unstructured"
                                        entity="&amp;reg;"
                                        name="registered"/>
                                    <item3
                                        jcr:primaryType="nt:unstructured"
                                        entity="&amp;trade;"
                                        name="trademark"/>
                                </chars>
                            </specialCharsConfig>
                        </misctools>
                        <edit
                            jcr:primaryType="nt:unstructured"
                            features="paste-plaintext,paste-wordhtml"/>
                        <format
                            jcr:primaryType="nt:unstructured"
                            features="bold,italic,underline"/>
                        <lists
                            jcr:primaryType="nt:unstructured"
                            features="*"/>
                        <links
                            jcr:primaryType="nt:unstructured"
                            features="modifylink,unlink"/>
                        <subsuperscript
                            jcr:primaryType="nt:unstructured"
                            features="*"/>
                        <table
                            jcr:primaryType="nt:unstructured"
                            features="*"/>
                        <justify
                            jcr:primaryType="nt:unstructured"
                            features="*"/>
                        <findreplace
                            jcr:primaryType="nt:unstructured"
                            features="*"/>
                        <undo
                            jcr:primaryType="nt:unstructured"
                            features="*"/>
                        <spellcheck
                            jcr:primaryType="nt:unstructured"
                            features="*"/>
                        <image
                            jcr:primaryType="nt:unstructured"
                            features="*"/>
                    </rtePlugins>
                    <cq:styleGroups jcr:primaryType="nt:unstructured">
                        <item0
                            cq:styleGroupLabel="Styles"
                            jcr:primaryType="nt:unstructured">
                            <cq:styles jcr:primaryType="nt:unstructured">
                                <item0
                                    cq:styleId="1571073973204"
                                    cq:styleLabel="Default"
                                    jcr:primaryType="nt:unstructured"/>
                                <item1
                                    cq:styleClasses="cmp-text--quote"
                                    cq:styleId="1570746601923"
                                    cq:styleLabel="Quote Block"
                                    jcr:primaryType="nt:unstructured"/>
                            </cq:styles>
                        </item0>
                        <item1
                            cq:styleGroupLabel="Paragraph Size"
                            jcr:primaryType="nt:unstructured">
                            <cq:styles jcr:primaryType="nt:unstructured">
                                <item0
                                    cq:styleClasses="cmp-text--font-xsmall"
                                    cq:styleId="1571074021746"
                                    cq:styleLabel="Extra-Small"
                                    jcr:primaryType="nt:unstructured"/>
                                <item1
                                    cq:styleClasses="cmp-text--font-small"
                                    cq:styleId="1571074070335"
                                    cq:styleLabel="Small"
                                    jcr:primaryType="nt:unstructured"/>
                                <item2
                                    cq:styleClasses="cmp-text--font-default"
                                    cq:styleId="1571085340516"
                                    cq:styleLabel="Default"
                                    jcr:primaryType="nt:unstructured"/>
                                <item3
                                    cq:styleClasses="cmp-text--font-large"
                                    cq:styleId="1571085385905"
                                    cq:styleLabel="Large"
                                    jcr:primaryType="nt:unstructured"/>
                            </cq:styles>
                        </item1>
                    </cq:styleGroups>
                </policy_1570746487640>
            </text>
            <list jcr:primaryType="nt:unstructured">
                <policy_1554340319446
                    jcr:lastModified="{Date}2020-07-09T08:10:13.337-07:00"
                    jcr:lastModifiedBy="admin"
                    jcr:primaryType="nt:unstructured"
                    jcr:title="WKND List "
                    sling:resourceType="wcm/core/components/policy/policy"
                    dateFormat="EEEE, d MMM y"
                    disableChildren="false"
                    disableSearch="false"
                    disableStatic="false"
                    disableTags="false"
                    linkItems="false"
                    showDescription="false"
                    showModificationDate="false">
                    <jcr:content
                        cq:lastReplicated="{Date}2023-09-15T11:00:00.000-07:00"
                        cq:lastReplicated_preview="{Date}2023-09-15T11:00:00.000-07:00"
                        cq:lastReplicatedBy="admin"
                        cq:lastReplicationAction="Activate"
                        cq:lastReplicationAction_preview="Activate"
                        jcr:mixinTypes="[cq:ReplicationStatus]"
                        jcr:primaryType="nt:unstructured"/>
                    <cq:styleGroups jcr:primaryType="nt:unstructured">
                        <item0 jcr:primaryType="nt:unstructured">
                            <cq:styles jcr:primaryType="nt:unstructured">
                                <item0
                                    cq:styleClasses="cmp-list--upnext"
                                    cq:styleId="1554340350631"
                                    cq:styleLabel="Up Next"
                                    jcr:primaryType="nt:unstructured"/>
                            </cq:styles>
                        </item0>
                    </cq:styleGroups>
                </policy_1554340319446>
            </list>
            <image jcr:primaryType="nt:unstructured">
                <policy_1568423036289
                    jcr:lastModified="{Date}2020-07-09T15:37:47.229-07:00"
                    jcr:lastModifiedBy="admin"
                    jcr:primaryType="nt:unstructured"
                    jcr:title="WKND Image"
                    sling:resourceType="wcm/core/components/policy/policy"
                    allowedRenditionWidths="[100,200,300,400,500,600,700,800,900,1000,1100,1200,1600]"
                    allowUpload="true"
                    altValueFromDAM="true"
                    disableLazyLoading="false"
                    displayPopupTitle="true"
                    isDecorative="false"
                    jpegQuality="{Long}60"
                    titleValueFromDAM="true"
                    uuidDisabled="true">
                    <plugins jcr:primaryType="nt:unstructured">
                        <rotate
                            jcr:primaryType="nt:unstructured"
                            features="right"/>
                        <flip
                            jcr:primaryType="nt:unstructured"
                            features="horizontal,vertical"/>
                        <crop
                            jcr:primaryType="nt:unstructured"
                            features="*">
                            <aspectRatios jcr:primaryType="nt:unstructured">
                                <item0
                                    jcr:primaryType="nt:unstructured"
                                    name="Wide Landscape"
                                    ratio="0.6180"/>
                                <item1
                                    jcr:primaryType="nt:unstructured"
                                    name="Landscape"
                                    ratio="0.8284"/>
                                <item2
                                    jcr:primaryType="nt:unstructured"
                                    name="Square"
                                    ratio="1"/>
                                <item3
                                    jcr:primaryType="nt:unstructured"
                                    name="Portrait"
                                    ratio="1.6180"/>
                                <item4
                                    jcr:primaryType="nt:unstructured"
                                    name="Super Wide"
                                    ratio="0.3333"/>
                            </aspectRatios>
                        </crop>
                    </plugins>
                    <jcr:content
                        cq:lastReplicated="{Date}2023-09-15T11:00:00.000-07:00"
                        cq:lastReplicated_preview="{Date}2023-09-15T11:00:00.000-07:00"
                        cq:lastReplicatedBy="admin"
                        cq:lastReplicationAction="Activate"
                        cq:lastReplicationAction_preview="Activate"
                        jcr:mixinTypes="[cq:ReplicationStatus]"
                        jcr:primaryType="nt:unstructured"/>
                </policy_1568423036289>
                <policy_126406575098243
                    jcr:lastModified="{Date}2020-07-09T08:31:28.908-07:00"
                    jcr:lastModifiedBy="admin"
                    jcr:primaryType="nt:unstructured"
                    jcr:title="WKND Image - Experience Fragment"
                    sling:resourceType="wcm/core/components/policy/policy"
                    allowedRenditionWidths="[300,400,500,600,700,800,900,1000,1100,1200]"
                    allowUpload="true"
                    altValueFromDAM="true"
                    disableLazyLoading="false"
                    displayPopupTitle="true"
                    isDecorative="false"
                    jpegQuality="{Long}75"
                    titleValueFromDAM="true"
                    uuidDisabled="true">
                    <jcr:content
                        cq:lastReplicated="{Date}2023-09-15T11:00:00.000-07:00"
                        cq:lastReplicated_preview="{Date}2023-09-15T11:00:00.000-07:00"
                        cq:lastReplicatedBy="admin"
                        cq:lastReplicationAction="Activate"
                        cq:lastReplicationAction_preview="Activate"
                        jcr:mixinTypes="[cq:ReplicationStatus]"
                        jcr:primaryType="nt:unstructured"/>
                    <plugins jcr:primaryType="nt:unstructured">
                        <crop
                            jcr:primaryType="nt:unstructured"
                            features="*">
                            <aspectRatios jcr:primaryType="nt:unstructured">
                                <item0
                                    jcr:primaryType="nt:unstructured"
                                    name="Wide Landscape"
                                    ratio="0.6180"/>
                                <item1
                                    jcr:primaryType="nt:unstructured"
                                    name="Landscape"
                                    ratio="0.8284"/>
                                <item2
                                    jcr:primaryType="nt:unstructured"
                                    name="Square"
                                    ratio="1"/>
                                <item3
                                    jcr:primaryType="nt:unstructured"
                                    name="Portrait"
                                    ratio="1.6180"/>
                            </aspectRatios>
                        </crop>
                        <rotate
                            jcr:primaryType="nt:unstructured"
                            features="right"/>
                        <flip
                            jcr:primaryType="nt:unstructured"
                            features="-"/>
                    </plugins>
                    <cq:styleGroups jcr:primaryType="nt:unstructured">
                        <item0 jcr:primaryType="nt:unstructured">
                            <cq:styles jcr:primaryType="nt:unstructured">
                                <item0
                                    cq:styleId="1568592005760"
                                    cq:styleLabel="Default"
                                    jcr:primaryType="nt:unstructured"/>
                                <item1
                                    cq:styleClasses="cmp-image--logo"
                                    cq:styleId="1568592012684"
                                    cq:styleLabel="Logo"
                                    jcr:primaryType="nt:unstructured"/>
                            </cq:styles>
                        </item0>
                    </cq:styleGroups>
                </policy_126406575098243>
            </image>
            <breadcrumb jcr:primaryType="nt:unstructured">
                <policy_1554341419430
                    jcr:lastModified="{Date}2020-07-09T08:11:27.233-07:00"
                    jcr:lastModifiedBy="admin"
                    jcr:primaryType="nt:unstructured"
                    jcr:title="WKND Breadcrumb"
                    sling:resourceType="wcm/core/components/policy/policy"
                    disableShadowing="false"
                    hideCurrent="false"
                    showHidden="false"
                    startLevel="4">
                    <jcr:content
                        cq:lastReplicated="{Date}2023-09-15T11:00:00.000-07:00"
                        cq:lastReplicated_preview="{Date}2023-09-15T11:00:00.000-07:00"
                        cq:lastReplicatedBy="admin"
                        cq:lastReplicationAction="Activate"
                        cq:lastReplicationAction_preview="Activate"
                        jcr:mixinTypes="[cq:ReplicationStatus]"
                        jcr:primaryType="nt:unstructured"/>
                    <cq:styleGroups jcr:primaryType="nt:unstructured">
                        <item0 jcr:primaryType="nt:unstructured">
                            <cq:styles jcr:primaryType="nt:unstructured">
                                <item0
                                    cq:styleId="1570236590660"
                                    cq:styleLabel="Default"
                                    jcr:primaryType="nt:unstructured"/>
                                <item1
                                    cq:styleClasses="cmp-breadcrumb--fixed"
                                    cq:styleId="1570236596118"
                                    cq:styleLabel="Fixed Width"
                                    jcr:primaryType="nt:unstructured"/>
                            </cq:styles>
                        </item0>
                    </cq:styleGroups>
                </policy_1554341419430>
            </breadcrumb>
            <byline jcr:primaryType="nt:unstructured"/>
            <teaser jcr:primaryType="nt:unstructured">
                <policy_1555539430196
                    jcr:lastModified="{Date}2020-11-10T17:24:37.582-08:00"
                    jcr:lastModifiedBy="admin"
                    jcr:primaryType="nt:unstructured"
                    jcr:title="WKND Teaser"
                    sling:resourceType="wcm/core/components/policy/policy">
                    <jcr:content
                        cq:lastReplicated="{Date}2023-09-15T11:00:00.000-07:00"
                        cq:lastReplicated_preview="{Date}2023-09-15T11:00:00.000-07:00"
                        cq:lastReplicatedBy="admin"
                        cq:lastReplicationAction="Activate"
                        cq:lastReplicationAction_preview="Activate"
                        jcr:mixinTypes="[cq:ReplicationStatus]"
                        jcr:primaryType="nt:unstructured"/>
                    <cq:styleGroups jcr:primaryType="nt:unstructured">
                        <item0
                            cq:styleGroupLabel="Style"
                            jcr:primaryType="nt:unstructured">
                            <cq:styles jcr:primaryType="nt:unstructured">
                                <item0
                                    cq:styleClasses="cmp-teaser--featured"
                                    cq:styleId="1555539443529"
                                    cq:styleLabel="Featured"
                                    jcr:primaryType="nt:unstructured"/>
                                <item1
                                    cq:styleClasses="cmp-teaser--list"
                                    cq:styleId="1571334427914"
                                    cq:styleLabel="List"
                                    jcr:primaryType="nt:unstructured"/>
                                <item2
                                    cq:styleClasses="cmp-teaser--hero"
                                    cq:styleId="1555543212672"
                                    cq:styleLabel="Hero"
                                    jcr:primaryType="nt:unstructured"/>
                                <item3
                                    cq:styleClasses="cmp-teaser--hero cmp-teaser--imagetop"
                                    cq:styleId="1572035118854"
                                    cq:styleLabel="Hero Image Top"
                                    jcr:primaryType="nt:unstructured"/>
                                <item4
                                    cq:styleClasses="cmp-teaser--hero cmp-teaser--imagebottom"
                                    cq:styleId="1572035150600"
                                    cq:styleLabel="Hero Image Bottom"
                                    jcr:primaryType="nt:unstructured"/>
                                <item5
                                    cq:styleClasses="cmp-teaser--card"
                                    cq:styleId="1605057868937"
                                    cq:styleLabel="Card"
                                    jcr:primaryType="nt:unstructured"/>
                            </cq:styles>
                        </item0>
                        <item1
                            cq:styleGroupLabel="Variation"
                            jcr:primaryType="nt:unstructured">
                            <cq:styles jcr:primaryType="nt:unstructured">
                                <item0
                                    cq:styleClasses="cmp-teaser--secure"
                                    cq:styleId="1571779921857"
                                    cq:styleLabel="Secure"
                                    jcr:primaryType="nt:unstructured"/>
                                <item1
                                    cq:styleId="1572035106443"
                                    jcr:primaryType="nt:unstructured"/>
                            </cq:styles>
                        </item1>
                    </cq:styleGroups>
                </policy_1555539430196>
            </teaser>
            <carousel jcr:primaryType="nt:unstructured">
                <policy_1555540352044
                    jcr:lastModified="{Date}2020-11-10T11:52:59.221-08:00"
                    jcr:lastModifiedBy="admin"
                    jcr:primaryType="nt:unstructured"
                    jcr:title="WKND Carousel"
                    sling:resourceType="wcm/core/components/policy/policy"
                    autopauseDisabled="false"
                    autoplay="false"
                    components="[/apps/wknd/components/experiencefragment,/apps/wknd/components/image,/apps/wknd/components/teaser]"
                    delay="5000">
                    <jcr:content
                        cq:lastReplicated="{Date}2023-09-15T11:00:00.000-07:00"
                        cq:lastReplicated_preview="{Date}2023-09-15T11:00:00.000-07:00"
                        cq:lastReplicatedBy="admin"
                        cq:lastReplicationAction="Activate"
                        cq:lastReplicationAction_preview="Activate"
                        jcr:mixinTypes="[cq:ReplicationStatus]"
                        jcr:primaryType="nt:unstructured"/>
                    <cq:styleGroups jcr:primaryType="nt:unstructured">
                        <item0 jcr:primaryType="nt:unstructured">
                            <cq:styles jcr:primaryType="nt:unstructured">
                                <item0
                                    cq:styleClasses="cmp-carousel--hero"
                                    cq:styleId="1555545421827"
                                    cq:styleLabel="Hero"
                                    jcr:primaryType="nt:unstructured"/>
                                <item1
                                    cq:styleClasses="cmp-carousel--mini"
                                    cq:styleId="1570236158571"
                                    cq:styleLabel="Mini"
                                    jcr:primaryType="nt:unstructured"/>
                            </cq:styles>
                        </item0>
                    </cq:styleGroups>
                </policy_1555540352044>
            </carousel>
            <contentfragment jcr:primaryType="nt:unstructured">
                <policy_1571166588834
                    cq:styleDefaultElement="article"
                    jcr:lastModified="{Date}2020-07-09T08:10:48.812-07:00"
                    jcr:lastModifiedBy="admin"
                    jcr:primaryType="nt:unstructured"
                    jcr:title="WKND Content Fragment"
                    sling:resourceType="wcm/core/components/policy/policy">
                    <jcr:content
                        cq:lastReplicated="{Date}2023-09-15T11:00:00.000-07:00"
                        cq:lastReplicated_preview="{Date}2023-09-15T11:00:00.000-07:00"
                        cq:lastReplicatedBy="admin"
                        cq:lastReplicationAction="Activate"
                        cq:lastReplicationAction_preview="Activate"
                        jcr:mixinTypes="[cq:ReplicationStatus]"
                        jcr:primaryType="nt:unstructured"/>
                    <cq:styleGroups jcr:primaryType="nt:unstructured">
                        <item0 jcr:primaryType="nt:unstructured">
                            <cq:styles jcr:primaryType="nt:unstructured">
                                <item0
                                    cq:styleId="1594172987604"
                                    cq:styleLabel="Default"
                                    jcr:primaryType="nt:unstructured"/>
                                <item1
                                    cq:styleClasses="cmp-contentfragment--elements"
                                    cq:styleElement="div"
                                    cq:styleId="1571166694176"
                                    cq:styleLabel="Elements"
                                    jcr:primaryType="nt:unstructured"/>
                            </cq:styles>
                        </item0>
                    </cq:styleGroups>
                </policy_1571166588834>
            </contentfragment>
            <button jcr:primaryType="nt:unstructured">
                <policy_1568591661081
                    jcr:lastModified="{Date}2020-07-09T08:11:19.469-07:00"
                    jcr:lastModifiedBy="admin"
                    jcr:primaryType="nt:unstructured"
                    jcr:title="WKND Button"
                    sling:resourceType="wcm/core/components/policy/policy">
                    <jcr:content
                        cq:lastReplicated="{Date}2023-09-15T11:00:00.000-07:00"
                        cq:lastReplicated_preview="{Date}2023-09-15T11:00:00.000-07:00"
                        cq:lastReplicatedBy="admin"
                        cq:lastReplicationAction="Activate"
                        cq:lastReplicationAction_preview="Activate"
                        jcr:mixinTypes="[cq:ReplicationStatus]"
                        jcr:primaryType="nt:unstructured"/>
                    <cq:styleGroups jcr:primaryType="nt:unstructured">
                        <item0
                            cq:styleGroupLabel="Styles"
                            jcr:primaryType="nt:unstructured">
                            <cq:styles jcr:primaryType="nt:unstructured">
                                <item0
                                    cq:styleId="1570236118213"
                                    cq:styleLabel="Default"
                                    jcr:primaryType="nt:unstructured"/>
                                <item1
                                    cq:styleClasses="cmp-button--primary"
                                    cq:styleId="1570236090914"
                                    cq:styleLabel="Primary"
                                    jcr:primaryType="nt:unstructured"/>
                                <item2
                                    cq:styleClasses="cmp-button--secondary"
                                    cq:styleId="1570758781253"
                                    cq:styleLabel="Secondary"
                                    jcr:primaryType="nt:unstructured"/>
                            </cq:styles>
                        </item0>
                        <item1
                            cq:styleGroupLabel="Variation"
                            jcr:primaryType="nt:unstructured">
                            <cq:styles jcr:primaryType="nt:unstructured">
                                <item0
                                    cq:styleClasses="cmp-button--icononly"
                                    cq:styleId="1568839776757"
                                    cq:styleLabel="Icon Only"
                                    jcr:primaryType="nt:unstructured"/>
                            </cq:styles>
                        </item1>
                    </cq:styleGroups>
                </policy_1568591661081>
            </button>
            <experiencefragment jcr:primaryType="nt:unstructured">
                <policy_1568592468447
                    cq:styleDefaultElement="div"
                    jcr:lastModified="{Date}2020-07-07T17:39:36.365-07:00"
                    jcr:lastModifiedBy="admin"
                    jcr:primaryType="nt:unstructured"
                    jcr:title="WKND Experience Fragment - Site"
                    sling:resourceType="wcm/core/components/policy/policy">
                    <jcr:content
                        cq:lastReplicated="{Date}2023-09-15T11:00:00.000-07:00"
                        cq:lastReplicated_preview="{Date}2023-09-15T11:00:00.000-07:00"
                        cq:lastReplicatedBy="admin"
                        cq:lastReplicationAction="Activate"
                        cq:lastReplicationAction_preview="Activate"
                        jcr:mixinTypes="[cq:ReplicationStatus]"
                        jcr:primaryType="nt:unstructured"/>
                    <cq:styleGroups jcr:primaryType="nt:unstructured">
                        <item0 jcr:primaryType="nt:unstructured">
                            <cq:styles jcr:primaryType="nt:unstructured">
                                <item0
                                    cq:styleClasses="cmp-experiencefragment--header"
                                    cq:styleElement="header"
                                    cq:styleId="1568592491109"
                                    cq:styleLabel="Header"
                                    jcr:primaryType="nt:unstructured"/>
                                <item1
                                    cq:styleClasses="cmp-experiencefragment--footer"
                                    cq:styleElement="footer"
                                    cq:styleId="1568592503946"
                                    cq:styleLabel="Footer"
                                    jcr:primaryType="nt:unstructured"/>
                            </cq:styles>
                        </item0>
                    </cq:styleGroups>
                </policy_1568592468447>
                <policy_34642779885901
                    cq:styleDefaultElement="section"
                    jcr:lastModified="{Date}2020-07-09T08:10:26.028-07:00"
                    jcr:lastModifiedBy="admin"
                    jcr:primaryType="nt:unstructured"
                    jcr:title="WKND Experience Fragment - Content"
                    sling:resourceType="wcm/core/components/policy/policy">
                    <jcr:content
                        cq:lastReplicated="{Date}2023-09-15T11:00:00.000-07:00"
                        cq:lastReplicated_preview="{Date}2023-09-15T11:00:00.000-07:00"
                        cq:lastReplicatedBy="admin"
                        cq:lastReplicationAction="Activate"
                        cq:lastReplicationAction_preview="Activate"
                        jcr:mixinTypes="[cq:ReplicationStatus]"
                        jcr:primaryType="nt:unstructured"/>
                    <cq:styleGroups jcr:primaryType="nt:unstructured">
                        <item0 jcr:primaryType="nt:unstructured">
                            <cq:styles jcr:primaryType="nt:unstructured">
                                <item0
                                    cq:styleClasses="cmp-experience-fragment--contributor"
                                    cq:styleElement="section"
                                    cq:styleId="1571360196802"
                                    cq:styleLabel="Contributor"
                                    jcr:primaryType="nt:unstructured"/>
                            </cq:styles>
                        </item0>
                    </cq:styleGroups>
                </policy_34642779885901>
            </experiencefragment>
            <accordion jcr:primaryType="nt:unstructured">
                <policy_1571070092603
                    jcr:lastModified="{Date}2020-07-09T08:11:32.079-07:00"
                    jcr:lastModifiedBy="admin"
                    jcr:primaryType="nt:unstructured"
                    jcr:title="WKND Accordion"
                    sling:resourceType="wcm/core/components/policy/policy"
                    allowedHeadingElements="h3"
                    components="[/apps/wknd/components/button,/apps/wknd/components/image,/apps/wknd/components/text,/apps/wknd/components/title]"
                    headingElement="h3">
                    <jcr:content
                        cq:lastReplicated="{Date}2023-09-15T11:00:00.000-07:00"
                        cq:lastReplicated_preview="{Date}2023-09-15T11:00:00.000-07:00"
                        cq:lastReplicatedBy="admin"
                        cq:lastReplicationAction="Activate"
                        cq:lastReplicationAction_preview="Activate"
                        jcr:mixinTypes="[cq:ReplicationStatus]"
                        jcr:primaryType="nt:unstructured"/>
                </policy_1571070092603>
            </accordion>
            <separator jcr:primaryType="nt:unstructured">
                <policy_1571075710034
                    jcr:lastModified="{Date}2020-07-09T08:10:10.057-07:00"
                    jcr:lastModifiedBy="admin"
                    jcr:primaryType="nt:unstructured"
                    jcr:title="WKND Separator"
                    sling:resourceType="wcm/core/components/policy/policy">
                    <jcr:content
                        cq:lastReplicated="{Date}2023-09-15T11:00:00.000-07:00"
                        cq:lastReplicated_preview="{Date}2023-09-15T11:00:00.000-07:00"
                        cq:lastReplicatedBy="admin"
                        cq:lastReplicationAction="Activate"
                        cq:lastReplicationAction_preview="Activate"
                        jcr:mixinTypes="[cq:ReplicationStatus]"
                        jcr:primaryType="nt:unstructured"/>
                    <cq:styleGroups jcr:primaryType="nt:unstructured">
                        <item0
                            cq:styleGroupLabel="Colors"
                            jcr:primaryType="nt:unstructured">
                            <cq:styles jcr:primaryType="nt:unstructured">
                                <item0
                                    cq:styleClasses="cmp-separator--light"
                                    cq:styleId="1571075856942"
                                    cq:styleLabel="Light"
                                    jcr:primaryType="nt:unstructured"/>
                                <item1
                                    cq:styleClasses="cmp-separator--dark"
                                    cq:styleId="1571075888147"
                                    cq:styleLabel="Dark"
                                    jcr:primaryType="nt:unstructured"/>
                                <item2
                                    cq:styleClasses="cmp-separator--hidden"
                                    cq:styleId="1571075919520"
                                    cq:styleLabel="Hidden"
                                    jcr:primaryType="nt:unstructured"/>
                            </cq:styles>
                        </item0>
                        <item1
                            cq:styleGroupLabel="Spacing"
                            jcr:primaryType="nt:unstructured">
                            <cq:styles jcr:primaryType="nt:unstructured">
                                <item0
                                    cq:styleClasses="cmp-separator--space-small"
                                    cq:styleId="1571075910473"
                                    cq:styleLabel="Small"
                                    jcr:primaryType="nt:unstructured"/>
                                <item1
                                    cq:styleClasses="cmp-separator--space-medium"
                                    cq:styleId="1571075969668"
                                    cq:styleLabel="Medium"
                                    jcr:primaryType="nt:unstructured"/>
                                <item2
                                    cq:styleClasses="cmp-separator--space-large"
                                    cq:styleId="1571075976665"
                                    cq:styleLabel="Large"
                                    jcr:primaryType="nt:unstructured"/>
                            </cq:styles>
                        </item1>
                    </cq:styleGroups>
                </policy_1571075710034>
            </separator>
            <languagenavigation jcr:primaryType="nt:unstructured">
                <policy_1568591782049
                    cq:styleDefaultClasses="cmp-languagenavigation--default"
                    jcr:lastModified="{Date}2019-09-15T16:57:57.019-07:00"
                    jcr:lastModifiedBy="admin"
                    jcr:primaryType="nt:unstructured"
                    jcr:title="WKND Language Navigation"
                    sling:resourceType="wcm/core/components/policy/policy"
                    navigationRoot="/content/wknd"
                    structureDepth="1">
                    <jcr:content
                        cq:lastReplicated="{Date}2023-09-15T11:00:00.000-07:00"
                        cq:lastReplicated_preview="{Date}2023-09-15T11:00:00.000-07:00"
                        cq:lastReplicatedBy="admin"
                        cq:lastReplicationAction="Activate"
                        cq:lastReplicationAction_preview="Activate"
                        jcr:mixinTypes="[cq:ReplicationStatus]"
                        jcr:primaryType="nt:unstructured"/>
                    <cq:styleGroups jcr:primaryType="nt:unstructured">
                        <item0 jcr:primaryType="nt:unstructured">
                            <cq:styles jcr:primaryType="nt:unstructured">
                                <item0
                                    cq:styleClasses="cmp-languagenavigation--default"
                                    cq:styleId="1568591859961"
                                    cq:styleLabel="Default"
                                    jcr:primaryType="nt:unstructured"/>
                                <item1
                                    cq:styleClasses="cmp-languagenavigation--default cmp-languagenavigation--dark cmp-languagenavigation--header"
                                    cq:styleId="1568591864735"
                                    cq:styleLabel="Dark Header"
                                    jcr:primaryType="nt:unstructured"/>
                            </cq:styles>
                        </item0>
                    </cq:styleGroups>
                </policy_1568591782049>
            </languagenavigation>
            <navigation jcr:primaryType="nt:unstructured">
                <policy_1555431038157
                    jcr:lastModified="{Date}2020-07-09T08:11:09.069-07:00"
                    jcr:lastModifiedBy="admin"
                    jcr:primaryType="nt:unstructured"
                    jcr:title="WKND Navigation - Header "
                    sling:resourceType="wcm/core/components/policy/policy"
                    collectAllPages="false"
                    navigationRoot="/content/wknd/en"
                    skipNavigationRoot="true"
                    structureDepth="1">
                    <jcr:content
                        cq:lastReplicated="{Date}2023-09-15T11:00:00.000-07:00"
                        cq:lastReplicated_preview="{Date}2023-09-15T11:00:00.000-07:00"
                        cq:lastReplicatedBy="admin"
                        cq:lastReplicationAction="Activate"
                        cq:lastReplicationAction_preview="Activate"
                        jcr:mixinTypes="[cq:ReplicationStatus]"
                        jcr:primaryType="nt:unstructured"/>
                </policy_1555431038157>
                <policy_4825943207134
                    cq:styleDefaultClasses="cmp-navigation--footer"
                    jcr:lastModified="{Date}2020-07-09T08:11:09.069-07:00"
                    jcr:lastModifiedBy="admin"
                    jcr:primaryType="nt:unstructured"
                    jcr:title="WKND Navigation - Footer"
                    sling:resourceType="wcm/core/components/policy/policy"
                    collectAllPages="false"
                    navigationRoot="/content/wknd/en"
                    skipNavigationRoot="true"
                    structureDepth="1">
                    <jcr:content
                        cq:lastReplicated="{Date}2023-09-15T11:00:00.000-07:00"
                        cq:lastReplicated_preview="{Date}2023-09-15T11:00:00.000-07:00"
                        cq:lastReplicatedBy="admin"
                        cq:lastReplicationAction="Activate"
                        cq:lastReplicationAction_preview="Activate"
                        jcr:mixinTypes="[cq:ReplicationStatus]"
                        jcr:primaryType="nt:unstructured"/>
                </policy_4825943207134>
                <policy_126213313123863
                    jcr:lastModified="{Date}2020-07-09T08:11:09.069-07:00"
                    jcr:lastModifiedBy="admin"
                    jcr:primaryType="nt:unstructured"
                    jcr:title="WKND Navigation"
                    sling:resourceType="wcm/core/components/policy/policy"
                    collectAllPages="true"
                    navigationRoot="/content/wknd"
                    skipNavigationRoot="true"
                    structureDepth="1">
                    <jcr:content
                        cq:lastReplicated="{Date}2023-09-15T11:00:00.000-07:00"
                        cq:lastReplicated_preview="{Date}2023-09-15T11:00:00.000-07:00"
                        cq:lastReplicatedBy="admin"
                        cq:lastReplicationAction="Activate"
                        cq:lastReplicationAction_preview="Activate"
                        jcr:mixinTypes="[cq:ReplicationStatus]"
                        jcr:primaryType="nt:unstructured"/>
                    <cq:styleGroups jcr:primaryType="nt:unstructured">
                        <item0
                            cq:styleGroupLabel="Template Styles"
                            jcr:primaryType="nt:unstructured">
                            <cq:styles jcr:primaryType="nt:unstructured">
                                <item0
                                    cq:styleClasses="cmp-navigation--header"
                                    cq:styleId="1568591750865"
                                    cq:styleLabel="Header"
                                    jcr:primaryType="nt:unstructured"/>
                                <item1
                                    cq:styleClasses="cmp-navigation--footer"
                                    cq:styleId="1568591758631"
                                    cq:styleLabel="Footer"
                                    jcr:primaryType="nt:unstructured"/>
                            </cq:styles>
                        </item0>
                    </cq:styleGroups>
                </policy_126213313123863>
            </navigation>
            <search jcr:primaryType="nt:unstructured">
                <policy_1555431088440
                    jcr:lastModified="{Date}2020-07-09T08:11:09.069-07:00"
                    jcr:lastModifiedBy="admin"
                    jcr:primaryType="nt:unstructured"
                    jcr:title="WKND Search - Header"
                    sling:resourceType="wcm/core/components/policy/policy"
                    resultsSize="5"
                    searchRoot="/content/wknd"
                    searchTermMinimumLength="3">
                    <jcr:content
                        cq:lastReplicated="{Date}2023-09-15T11:00:00.000-07:00"
                        cq:lastReplicated_preview="{Date}2023-09-15T11:00:00.000-07:00"
                        cq:lastReplicatedBy="admin"
                        cq:lastReplicationAction="Activate"
                        cq:lastReplicationAction_preview="Activate"
                        jcr:mixinTypes="[cq:ReplicationStatus]"
                        jcr:primaryType="nt:unstructured"/>
                    <cq:styleGroups jcr:primaryType="nt:unstructured">
                        <item0 jcr:primaryType="nt:unstructured">
                            <cq:styles jcr:primaryType="nt:unstructured">
                                <item0
                                    cq:styleId="1568592245303"
                                    cq:styleLabel="Default"
                                    jcr:primaryType="nt:unstructured"/>
                                <item1
                                    cq:styleClasses="cmp-search--header"
                                    cq:styleId="1568592262425"
                                    cq:styleLabel="Header"
                                    jcr:primaryType="nt:unstructured"/>
                            </cq:styles>
                        </item0>
                    </cq:styleGroups>
                </policy_1555431088440>
            </search>
            <page jcr:primaryType="nt:unstructured">
                <policy_1570140199406
                    jcr:lastModified="{Date}2020-07-09T08:11:09.069-07:00"
                    jcr:lastModifiedBy="admin"
                    jcr:primaryType="nt:unstructured"
                    jcr:title="WKND Site Theme"
                    sling:resourceType="wcm/core/components/policy/policy"
                    clientlibs="[wknd.site,wknd.base]"
                    clientlibsJsHead="wknd.dependencies"
                    clientlibsAsync="true">
                    <jcr:content
                        cq:lastReplicated="{Date}2023-09-15T11:00:00.000-07:00"
                        cq:lastReplicated_preview="{Date}2023-09-15T11:00:00.000-07:00"
                        cq:lastReplicatedBy="admin"
                        cq:lastReplicationAction="Activate"
                        cq:lastReplicationAction_preview="Activate"
                        jcr:mixinTypes="[cq:ReplicationStatus]"
                        jcr:primaryType="nt:unstructured"/>
                </policy_1570140199406>
            </page>
            <xfpage jcr:primaryType="nt:unstructured">
                <policy_1572461714642
                    jcr:lastModified="{Date}2020-07-09T08:11:09.069-07:00"
                    jcr:lastModifiedBy="admin"
                    jcr:primaryType="nt:unstructured"
                    jcr:title="Experience Fragment Web"
                    sling:resourceType="wcm/core/components/policy/policy"
                    clientlibs="[wknd.site,wknd.base]"
                    clientlibsAsync="true">
                    <jcr:content
                        cq:lastReplicated="{Date}2023-09-15T11:00:00.000-07:00"
                        cq:lastReplicated_preview="{Date}2023-09-15T11:00:00.000-07:00"
                        cq:lastReplicatedBy="admin"
                        cq:lastReplicationAction="Activate"
                        cq:lastReplicationAction_preview="Activate"
                        jcr:mixinTypes="[cq:ReplicationStatus]"
                        jcr:primaryType="nt:unstructured"/>
                </policy_1572461714642>
            </xfpage>
            <embed jcr:primaryType="nt:unstructured">
                <policy_1594170470008
                    jcr:lastModified="{Date}2020-07-09T08:10:30.135-07:00"
                    jcr:lastModifiedBy="admin"
                    jcr:primaryType="nt:unstructured"
                    jcr:title="WKND Embed"
                    sling:resourceType="wcm/core/components/policy/policy"
                    allowedEmbeddables="core/wcm/components/embed/v1/embed/embeddable/youtube"
                    embeddablesDisabled="false"
                    htmlDisabled="false"
                    urlDisabled="false">
                    <jcr:content
                        cq:lastReplicated="{Date}2023-09-15T11:00:00.000-07:00"
                        cq:lastReplicated_preview="{Date}2023-09-15T11:00:00.000-07:00"
                        cq:lastReplicatedBy="admin"
                        cq:lastReplicationAction="Activate"
                        cq:lastReplicationAction_preview="Activate"
                        jcr:mixinTypes="[cq:ReplicationStatus]"
                        jcr:primaryType="nt:unstructured"/>
                </policy_1594170470008>
            </embed>
            <tabs jcr:primaryType="nt:unstructured">
                <policy_1594238204926
                    jcr:lastModified="{Date}2020-07-09T08:10:04.642-07:00"
                    jcr:lastModifiedBy="admin"
                    jcr:primaryType="nt:unstructured"
                    jcr:title="WKND Tabs"
                    sling:resourceType="wcm/core/components/policy/policy"
                    components="group:WKND.Content">
                    <jcr:content
                        cq:lastReplicated="{Date}2023-09-15T11:00:00.000-07:00"
                        cq:lastReplicated_preview="{Date}2023-09-15T11:00:00.000-07:00"
                        cq:lastReplicatedBy="admin"
                        cq:lastReplicationAction="Activate"
                        cq:lastReplicationAction_preview="Activate"
                        jcr:mixinTypes="[cq:ReplicationStatus]"
                        jcr:primaryType="nt:unstructured"/>
                </policy_1594238204926>
            </tabs>
        </components>
    </wknd>
    <cq jcr:primaryType="nt:unstructured">
        <experience-fragments jcr:primaryType="nt:unstructured">
            <editor jcr:primaryType="nt:unstructured">
                <components jcr:primaryType="nt:unstructured">
                    <buildingblock jcr:primaryType="nt:unstructured">
                        <policy_1571358645901
                            jcr:lastModified="{Date}2020-07-09T08:11:09.069-07:00"
                            jcr:lastModifiedBy="admin"
                            jcr:primaryType="nt:unstructured"
                            jcr:title="WKND Building Block"
                            sling:resourceType="wcm/core/components/policy/policy">
                            <jcr:content
                                cq:lastReplicated="{Date}2023-09-15T11:00:00.000-07:00"
                                cq:lastReplicated_preview="{Date}2023-09-15T11:00:00.000-07:00"
                        cq:lastReplicatedBy="admin"
                        cq:lastReplicationAction="Activate"
                        cq:lastReplicationAction_preview="Activate"
                                jcr:mixinTypes="[cq:ReplicationStatus]"
                                jcr:primaryType="nt:unstructured"/>
                            <cq:styleGroups jcr:primaryType="nt:unstructured">
                                <item0 jcr:primaryType="nt:unstructured">
                                    <cq:styles jcr:primaryType="nt:unstructured">
                                        <item0
                                            cq:styleClasses="cmp-buildingblock--btn-list"
                                            cq:styleId="1571358661842"
                                            cq:styleLabel="Button List"
                                            jcr:primaryType="nt:unstructured"/>
                                    </cq:styles>
                                </item0>
                            </cq:styleGroups>
                        </policy_1571358645901>
                    </buildingblock>
                </components>
            </editor>
        </experience-fragments>
    </cq>
    <wcm jcr:primaryType="nt:unstructured">
        <foundation jcr:primaryType="nt:unstructured">
            <components jcr:primaryType="nt:unstructured">
                <responsivegrid jcr:primaryType="nt:unstructured">
                    <social-media
                        jcr:lastModified="{Date}2020-11-10T16:53:10.888-08:00"
                        jcr:lastModifiedBy="admin"
                        jcr:primaryType="nt:unstructured"
                        jcr:title="WKND Social Media Policy"
                        sling:resourceType="wcm/core/components/policy/policy"
                        components="[/libs/cq/experience-fragments/editor/components/buildingblock,/apps/wknd/components/contentfragment,/apps/wknd/components/image,/apps/wknd/components/text]">
                        <jcr:content
                            cq:lastReplicated="{Date}2023-09-15T11:00:00.000-07:00"
                            cq:lastReplicated_preview="{Date}2023-09-15T11:00:00.000-07:00"
                            cq:lastReplicatedBy="admin"
                            cq:lastReplicationAction="Activate"
                            cq:lastReplicationAction_preview="Activate"
                            jcr:mixinTypes="[cq:ReplicationStatus]"
                            jcr:primaryType="nt:unstructured"/>
                    </social-media>
                </responsivegrid>
            </components>
        </foundation>
    </wcm>
</jcr:root>
